time,coin,dir,px,sz,ntl,fee,closedPnl
16/11/2025 - 14:12:54,BTC,Open Long,95735,0.00197,188.59795,0.028289,-0.028289
16/11/2025 - 14:13:24,BTC,Open Long,95735,0.00427,408.78845,0.061318,-0.061318
16/11/2025 - 14:18:54,DOGE,Open Short,0.16144,1486,239.89984,0.035984,-0.035984
16/11/2025 - 14:21:36,DOGE,Close Short,0.16142,240,38.7408,0.017433,-0.012633000000000002
16/11/2025 - 14:29:47,BTC,Close Long,95354,0.00624,595.00896,0.267754,-2.645194
16/11/2025 - 14:38:09,DOGE,Close Short,0.1606,1246,200.1076,0.090048,0.956592
16/11/2025 - 14:51:43,BTC,Open Long,95297,0.00504,480.29688000000004,0.072044,-0.072044
16/11/2025 - 14:51:47,BTC,Open Long,95297,0.00125,119.12125,0.017868,-0.017868
16/11/2025 - 15:01:29,ETH,Open Long,3158.4,0.02,63.168000000000006,0.009475,-0.009475
16/11/2025 - 15:02:11,ETH,Open Long,3158.4,0.0063,19.89792,0.002984,-0.002984
16/11/2025 - 15:06:15,ETH,Open Long,3158.4,0.1709,539.77056,0.080965,-0.080965
16/11/2025 - 15:21:20,BTC,Close Long,95310,0.00629,599.4998999999999,0.269774,-0.188004
16/11/2025 - 15:21:20,ETH,Close Long,3158.3,0.1972,622.81676,0.280267,-0.299987
16/11/2025 - 21:42:41,DOGE,Open Short,0.1569,3175,498.1575,0.074723,-0.074723
16/11/2025 - 22:27:04,DOGE,Close Short,0.15501,3175,492.15675000000005,0.22147,5.77928
16/11/2025 - 22:30:37,BNB,Open Long,912.64,0.128,116.81792,0.017522,-0.017522
16/11/2025 - 22:30:37,BNB,Open Long,912.64,0.132,120.46848,0.01807,-0.01807
16/11/2025 - 22:30:43,BNB,Open Long,912.64,0.017,15.514880000000002,0.002327,-0.002327
16/11/2025 - 22:35:55,BNB,Open Long,912.64,0.196,178.87744,0.026831,-0.026831
17/11/2025 - 01:30:17,BNB,Close Long,931.23,0.473,440.47179,0.198212,8.594858
17/11/2025 - 02:51:44,ETH,Open Short,3123.6,0.0647,202.09691999999998,0.030314,-0.030314
17/11/2025 - 03:11:01,ETH,Close Short,3137.9023183926,0.0647,203.02228000000122,0.091351,-1.0169110000000001
17/11/2025 - 03:17:01,BTC,Open Short,95255,0.00211,200.98805,0.030148,-0.030148
17/11/2025 - 04:23:10,SOL,Open Short,140,0.36,50.4,0.007559,-0.007559
17/11/2025 - 04:23:14,SOL,Open Short,140,0.71,99.39999999999999,0.014909,-0.014909
17/11/2025 - 04:23:47,SOL,Open Short,140,0.36,50.4,0.007559,-0.007559
17/11/2025 - 04:24:11,SOL,Open Short,140,1.42,198.79999999999998,0.029819,-0.029819
17/11/2025 - 06:07:25,BNB,Open Short,936.25,0.069,64.60125000000001,0.00969,-0.00969
17/11/2025 - 06:21:25,BNB,Open Short,936.25,0.006,5.6175,0.000842,-0.000842
17/11/2025 - 07:11:14,BNB,Close Short,934.15,0.032,29.8928,0.004483,0.062717
17/11/2025 - 07:12:16,BNB,Close Short,934.15,0.017,15.880550000000001,0.002382,0.033318
17/11/2025 - 07:12:23,BNB,Short > Long,934.15,0.103,96.21744999999999,0.014432,0.040168
17/11/2025 - 07:14:00,BNB,Open Long,934.15,0.019,17.748849999999997,0.002662,-0.002662
17/11/2025 - 07:16:51,BNB,Open Long,934.15,0.045,42.03675,0.006305,-0.006305
17/11/2025 - 07:55:50,BNB,Close Long,934.91,0.017,15.89347,0.002384,0.010536
17/11/2025 - 07:55:57,BNB,Close Long,934.91,0.058,54.22478,0.008133,0.035947
17/11/2025 - 09:48:13,ETH,Open Long,3189.5,0.1262,402.5149,0.060377,-0.060377
17/11/2025 - 12:23:06,SOL,Close Short,141.8940701754,2.85,404.39809999989,0.181978,-5.580078
17/11/2025 - 12:23:06,BTC,Close Short,95694,0.00211,201.91433999999998,0.090861,-1.017151
17/11/2025 - 12:23:06,ETH,Close Long,3201,0.1262,403.9662,0.181784,1.269516
17/11/2025 - 12:23:06,BNB,Close Long,937.03,0.066,61.84398,0.027829,0.162251
18/11/2025 - 01:39:58,BTC,Open Long,91756,0.16083,14757.11748,2.213567,-2.213567
18/11/2025 - 01:40:48,BTC,Close Long,91628.5807374246,0.16083,14736.62464,6.631478,-27.124318000000002
18/11/2025 - 02:11:09,BTC,Open Short,92113,0.00021,19.34373,0.002901,-0.002901
18/11/2025 - 02:11:14,BTC,Open Short,92113,0.00243,223.83459,0.033575,-0.033575
18/11/2025 - 03:59:17,BTC,Close Short,90855,0.00264,239.8572,0.107935,3.213185
18/11/2025 - 04:01:52,BNB,Open Long,902.66,0.026,23.46916,0.00352,-0.00352
18/11/2025 - 04:01:55,BNB,Open Long,902.66,0.244,220.24903999999998,0.033037,-0.033037
18/11/2025 - 04:01:56,BNB,Close Long,899.24,0.27,242.7948,0.109257,-1.032657
18/11/2025 - 04:09:00,BNB,Open Short,898.02,0.956,858.50712,0.128776,-0.128776
18/11/2025 - 04:09:00,BNB,Open Short,898.02,0.474,425.66148,0.063849,-0.063849
18/11/2025 - 08:15:16,ETH,Open Long,2970.1,0.0198,58.80798,0.008821,-0.008821
18/11/2025 - 08:17:18,ETH,Open Long,2970.1,0.0058,17.22658,0.002583,-0.002583
18/11/2025 - 08:17:20,ETH,Open Long,2970.1,0.0052,15.444519999999999,0.002316,-0.002316
18/11/2025 - 08:18:14,ETH,Open Long,2970.1,0.01,29.701,0.004455,-0.004455
18/11/2025 - 08:19:46,ETH,Open Long,2970.1,0.006,17.8206,0.002673,-0.002673
18/11/2025 - 08:22:40,ETH,Open Long,2970.1,0.02,59.402,0.008909,-0.008909
18/11/2025 - 08:22:45,ETH,Open Long,2970.1,0.0054,16.03854,0.002405,-0.002405
18/11/2025 - 08:22:54,ETH,Open Long,2970.1,0.0056,16.632559999999998,0.002494,-0.002494
18/11/2025 - 08:23:31,ETH,Open Long,2970.1,0.0051,15.14751,0.002272,-0.002272
18/11/2025 - 08:23:35,ETH,Open Long,2970.1,0.0062,18.41462,0.002762,-0.002762
18/11/2025 - 08:27:15,ETH,Open Long,2970.1,0.0062,18.41462,0.002762,-0.002762
18/11/2025 - 08:29:44,ETH,Open Long,2970.1,0.01,29.701,0.004455,-0.004455
18/11/2025 - 08:32:23,ETH,Open Long,2970.1,0.01,29.701,0.004455,-0.004455
18/11/2025 - 08:37:54,DOGE,Open Short,0.15517,1544,239.58248,0.035937,-0.035937
18/11/2025 - 08:42:03,ETH,Close Long,2985.8,0.1153,344.26274,0.154918,1.6552920000000002
18/11/2025 - 08:47:12,SOL,Open Short,136.23,0.34,46.3182,0.006947,-0.006947
18/11/2025 - 08:47:46,SOL,Open Short,136.23,0.42,57.21659999999999,0.008582,-0.008582
18/11/2025 - 08:48:27,SOL,Open Short,136.23,0.14,19.0722,0.00286,-0.00286
18/11/2025 - 08:48:31,SOL,Open Short,136.23,0.13,17.709899999999998,0.002656,-0.002656
18/11/2025 - 08:49:38,SOL,Open Short,136.23,0.72,98.08559999999999,0.014712,-0.014712
18/11/2025 - 09:04:15,SOL,Close Short,136.8,1.75,239.40000000000003,0.10773,-1.1052300000000002
18/11/2025 - 09:18:12,BNB,Close Short,919.2274825175,1.43,1314.4953000000248,0.591522,-30.918222
18/11/2025 - 11:34:35,ETH,Open Long,3025.4,0.078,235.9812,0.035397,-0.035397
18/11/2025 - 12:10:38,ETH,Close Long,3036.1,0.0083,25.19963,0.003779,0.085031
18/11/2025 - 12:10:48,ETH,Close Long,3036.1,0.0083,25.19963,0.003779,0.085031
18/11/2025 - 12:12:34,ETH,Close Long,3036.1,0.0436,132.37395999999998,0.019856,0.446664
18/11/2025 - 12:12:38,ETH,Close Long,3036.1,0.01,30.361,0.004554,0.102446
18/11/2025 - 12:14:15,ETH,Long > Short,3036.1,0.0542,164.55661999999998,0.024683,0.05877700000000001
18/11/2025 - 13:02:30,ETH,Close Short,3021.35,0.0464,140.19063999999997,0.063084,0.621316
18/11/2025 - 15:37:42,BNB,Open Short,926.86,0.254,235.42244,0.035313,-0.035313
18/11/2025 - 16:33:08,BNB,Close Short,930.53,0.254,236.35461999999998,0.106359,-1.038539
18/11/2025 - 17:31:34,DOGE,Close Short,0.16103,1544,248.63032,0.111883,-9.159723000000001
19/11/2025 - 04:33:46,ETH,Open Long,2970.1,0.5382,1598.50782,0.239776,-0.239776
19/11/2025 - 12:17:54,ETH,Close Long,3057.4309178744,0.5382,1645.5093200000022,0.740478,46.261022
19/11/2025 - 13:01:06,BTC,Open Long,91535,0.00139,127.23365,0.057255,-0.057255
19/11/2025 - 13:11:14,BTC,Close Long,91482.2446043166,0.00139,127.16032000000007,0.057222,-0.130552
19/11/2025 - 13:16:04,ETH,Open Long,3060.2,0.0787,240.83774,0.036125,-0.036125
19/11/2025 - 13:18:26,ETH,Open Long,3060.2,0.0183,56.00166,0.0084,-0.0084
19/11/2025 - 13:54:34,ETH,Open Long,3069.2,0.1627,499.35884,0.074903,-0.074903
19/11/2025 - 13:54:56,ETH,Open Long,3069.2,0.01,30.692,0.004603,-0.004603
19/11/2025 - 13:55:38,ETH,Open Long,3069.2,0.081,248.6052,0.03729,-0.03729
19/11/2025 - 13:55:48,ETH,Open Long,3069.2,0.01,30.692,0.004603,-0.004603
19/11/2025 - 13:56:24,ETH,Open Long,3069.2,0.0005,1.5346,0.00023,-0.00023
19/11/2025 - 13:56:34,ETH,Open Long,3069.2,0.0033,10.128359999999999,0.001519,-0.001519
19/11/2025 - 13:57:42,ETH,Open Long,3069.2,0.01,30.692,0.004603,-0.004603
19/11/2025 - 13:58:27,ETH,Open Long,3069.2,0.01,30.692,0.004603,-0.004603
19/11/2025 - 14:00:03,ETH,Open Long,3069.2,0.1819,558.28748,0.083743,-0.083743
19/11/2025 - 14:23:18,BNB,Open Long,924.71,0.021,19.41891,0.002912,-0.002912
19/11/2025 - 14:23:28,BNB,Open Long,924.71,0.02,18.494200000000003,0.002774,-0.002774
19/11/2025 - 14:23:43,BNB,Open Long,924.71,0.036,33.28956,0.004993,-0.004993
19/11/2025 - 14:33:42,BNB,Open Long,924.71,0.017,15.720070000000002,0.002358,-0.002358
19/11/2025 - 14:34:50,BNB,Open Long,924.71,0.018,16.64478,0.002496,-0.002496
19/11/2025 - 14:35:47,BNB,Open Long,924.71,0.02,18.494200000000003,0.002774,-0.002774
19/11/2025 - 14:36:45,BNB,Open Long,924.71,0.02,18.494200000000003,0.002774,-0.002774
19/11/2025 - 14:39:25,BNB,Open Long,924.71,0.019,17.569490000000002,0.002635,-0.002635
19/11/2025 - 14:40:19,BNB,Open Long,924.71,0.018,16.64478,0.002496,-0.002496
19/11/2025 - 14:41:53,BNB,Open Long,924.71,0.027,24.96717,0.003745,-0.003745
19/11/2025 - 14:43:17,BNB,Open Long,924.71,0.038,35.138980000000004,0.00527,-0.00527
19/11/2025 - 14:43:49,BNB,Open Long,924.71,0.013,12.02123,0.001803,-0.001803
19/11/2025 - 14:52:48,ETH,Close Long,3027.3887628866,0.097,293.6567100000002,0.132145,-4.037485
19/11/2025 - 14:54:33,BNB,Close Long,919.14,0.267,245.41038,0.110434,-1.597624
19/11/2025 - 15:04:29,ETH,Close Long,3013.9196420963,0.4694,1414.7338800000032,0.636629,-25.857658999999998
19/11/2025 - 15:19:07,BNB,Open Long,918.23,0.024,22.03752,0.003305,-0.003305
19/11/2025 - 15:19:09,BNB,Open Long,918.23,0.044,40.40212,0.00606,-0.00606
19/11/2025 - 15:20:01,BNB,Open Long,918.23,0.019,17.446369999999998,0.002616,-0.002616
19/11/2025 - 15:20:18,BNB,Open Long,918.23,0.017,15.609910000000001,0.002341,-0.002341
19/11/2025 - 15:21:39,BNB,Open Long,918.23,0.041,37.64743,0.005647,-0.005647
19/11/2025 - 15:24:26,BNB,Open Long,918.23,0.018,16.52814,0.002479,-0.002479
19/11/2025 - 15:25:16,BNB,Open Long,918.23,0.098,89.98654,0.013497,-0.013497
19/11/2025 - 15:44:40,BNB,Close Long,920.63,0.261,240.28443000000001,0.108127,0.518273
19/11/2025 - 15:45:58,BNB,Open Long,922.2,0.048,44.265600000000006,0.006639,-0.006639
19/11/2025 - 15:46:07,BNB,Open Long,922.2,0.042,38.732400000000005,0.005809,-0.005809
19/11/2025 - 15:46:56,BNB,Open Long,922.2,0.02,18.444000000000003,0.002766,-0.002766
19/11/2025 - 15:50:18,BNB,Open Long,922.2,0.112,103.2864,0.015492,-0.015492
19/11/2025 - 16:10:03,BTC,Open Long,92386,0.00069,63.74634,0.009561,-0.009561
19/11/2025 - 16:10:05,BTC,Open Long,92386,0.00191,176.45726,0.026468,-0.026468
19/11/2025 - 16:23:12,BNB,Open Long,914.94,0.012,10.979280000000001,0.001646,-0.001646
19/11/2025 - 16:24:26,BNB,Open Long,914.94,0.088,80.51472,0.012077,-0.012077
19/11/2025 - 16:25:09,BNB,Open Long,914.94,0.142,129.92148,0.019488,-0.019488
19/11/2025 - 16:25:17,BNB,Open Long,914.94,0.019,17.383860000000002,0.002607,-0.002607
19/11/2025 - 16:30:40,BTC,Close Long,91124.1538461538,0.0026,236.92279999999988,0.106614,-3.387414
19/11/2025 - 16:31:17,ETH,Open Long,3011.7,0.0331,99.68726999999998,0.014953,-0.014953
19/11/2025 - 16:35:13,BNB,Close Long,909.73,0.222,201.96006,0.090882,-1.9880939999999998
19/11/2025 - 16:39:13,ETH,Close Long,2959.6,0.0331,97.96275999999999,0.044083,-1.768593
19/11/2025 - 16:54:21,BNB,Close Long,899.02,0.261,234.64422,0.105589,-5.131405
19/11/2025 - 17:05:06,ETH,Open Long,2961.4,0.1246,368.99044000000004,0.055348,-0.055348
19/11/2025 - 17:05:38,ETH,Open Long,2961.4,0.0046,13.622440000000001,0.002043,-0.002043
19/11/2025 - 17:06:48,ETH,Open Long,2961.4,0.0053,15.69542,0.002354,-0.002354
19/11/2025 - 17:06:58,ETH,Open Long,2961.4,0.0059,17.47226,0.00262,-0.00262
19/11/2025 - 17:07:05,ETH,Open Long,2961.4,0.0058,17.17612,0.002576,-0.002576
19/11/2025 - 17:07:59,ETH,Open Long,2961.4,0.0035,10.3649,0.001554,-0.001554
19/11/2025 - 17:08:27,ETH,Open Long,2961.4,0.129,382.0206,0.057303,-0.057303
19/11/2025 - 17:09:52,BNB,Open Long,898.93,0.021,18.87753,0.002831,-0.002831
19/11/2025 - 17:10:07,ETH,Open Long,2961.4,0.0552,163.46928,0.02452,-0.02452
19/11/2025 - 17:11:18,ETH,Open Long,2961.4,0.0074,21.914360000000002,0.003287,-0.003287
19/11/2025 - 17:11:20,BNB,Open Long,898.93,0.046,41.35078,0.006202,-0.006202
19/11/2025 - 17:12:06,ETH,Open Long,2961.4,0.3259,965.1202600000001,0.144768,-0.144768
19/11/2025 - 17:12:08,BNB,Open Long,898.93,0.196,176.19028,0.026428,-0.026428
19/11/2025 - 17:31:22,BNB,Close Long,891.35,0.263,234.42505000000003,0.105491,-2.099031
19/11/2025 - 17:35:44,ETH,Close Long,2911.2647182254,0.6672,1942.395819999987,0.874075,-34.324335
19/11/2025 - 17:36:32,BNB,Open Long,890.03,0.967,860.65901,0.387296,-0.387296
19/11/2025 - 18:04:50,BNB,Close Long,885.1,0.967,855.8917,0.385151,-5.152461000000001
19/11/2025 - 19:48:38,BNB,Open Long,874.96,0.129,112.86984000000001,0.050791,-0.050791
19/11/2025 - 21:19:40,BNB,Close Long,882.15,0.129,113.79735,0.051208,0.8763019999999999
19/11/2025 - 21:21:32,BNB,Open Long,883.16,0.018,15.896879999999998,0.002384,-0.002384
19/11/2025 - 21:21:53,BNB,Open Long,883.16,0.238,210.19207999999998,0.031528,-0.031528
19/11/2025 - 22:21:06,BNB,Close Long,894.05,0.256,228.8768,0.102994,2.6848460000000003
19/11/2025 - 22:21:39,BTC,Open Long,90437,0.0021,189.9177,0.028487,-0.028487
19/11/2025 - 22:21:42,BTC,Open Long,90437,0.0021,189.9177,0.028487,-0.028487
19/11/2025 - 22:23:00,BTC,Open Long,90437,0.0095,859.1514999999999,0.128872,-0.128872
19/11/2025 - 22:26:18,BTC,Open Long,90437,0.00153,138.36861,0.020755,-0.020755
19/11/2025 - 22:26:28,BTC,Open Long,90437,0.00107,96.76759,0.014515,-0.014515
20/11/2025 - 01:45:23,BNB,Open Long,905.44,0.205,185.6152,0.083526,-0.083526
20/11/2025 - 06:05:00,BTC,Close Long,92937,0.0163,1514.8730999999998,0.681692,40.068308
20/11/2025 - 13:14:08,ETH,Open Long,3013.4,0.1264,380.89376000000004,0.057134,-0.057134
20/11/2025 - 13:32:28,SOL,Open Long,140.35,0.67,94.03450000000001,0.014105,-0.014105
20/11/2025 - 13:35:18,ETH,Close Long,3026.4,0.1264,382.53696,0.172141,1.471059
20/11/2025 - 13:51:37,BTC,Open Long,91811,0.00258,236.87238,0.03553,-0.03553
20/11/2025 - 15:04:37,BNB,Close Long,898.01,0.205,184.09205,0.082841,-1.605991
20/11/2025 - 15:05:01,BTC,Close Long,91016,0.00258,234.82127999999997,0.105669,-2.1567689999999997
20/11/2025 - 15:05:13,SOL,Close Long,137.9208955224,0.67,92.40700000000801,0.041583,-1.6690829999999999
20/11/2025 - 15:06:30,BTC,Open Long,91042,0.00055,50.073100000000004,0.00751,-0.00751
20/11/2025 - 15:07:29,BTC,Open Long,91042,0.03649,3322.12258,0.498318,-0.498318
20/11/2025 - 15:07:30,BTC,Open Long,91042,0.02336,2126.7411199999997,0.319011,-0.319011
20/11/2025 - 15:07:33,BTC,Open Long,91042,0.08345,7597.4549,1.139618,-1.139618
20/11/2025 - 15:09:02,BTC,Close Long,90671.555995829,0.14385,13043.103330000002,5.869394,-59.157764
20/11/2025 - 15:12:49,BTC,Open Long,90751,0.00243,220.52492999999998,0.033078,-0.033078
20/11/2025 - 16:55:10,BTC,Close Long,90090.2345679012,0.00243,218.91926999999993,0.098513,-1.7041730000000002
20/11/2025 - 17:03:40,BTC,Open Long,89703,0.00236,211.69908,0.031754,-0.031754
20/11/2025 - 17:03:48,BTC,Open Long,89703,0.00009,8.07327,0.00121,-0.00121
20/11/2025 - 17:05:03,BTC,Close Long,89399,0.00245,219.02755,0.098562,-0.8433620000000001
20/11/2025 - 17:21:24,BNB,Open Long,882.15,0.249,219.65535,0.098844,-0.098844
20/11/2025 - 17:27:16,BNB,Close Long,885.73,0.249,220.54677,0.099246,0.7921739999999999
20/11/2025 - 17:31:36,BNB,Open Long,883.53,0.249,219.99896999999999,0.032999,-0.032999
20/11/2025 - 18:06:52,BNB,Close Long,877.46,0.249,218.48754,0.098319,-1.609749
20/11/2025 - 18:09:34,BTC,Open Long,87376,0.01006,879.0025599999999,0.395551,-0.395551
20/11/2025 - 18:12:28,BTC,Close Long,86930.3856858847,0.01006,874.51968,0.393533,-4.876412999999999
20/11/2025 - 18:24:22,BNB,Open Long,877.25,0.165,144.74625,0.065135,-0.065135
20/11/2025 - 19:45:40,BTC,Open Long,86701,0.00131,113.57831,0.017036,-0.017036
20/11/2025 - 19:49:07,SOL,Open Long,132.63,1.16,153.8508,0.023077,-0.023077
20/11/2025 - 20:02:27,SOL,Close Long,131.6120689655,1.16,152.66999999997998,0.0687,-1.2495
20/11/2025 - 20:24:53,ETH,Open Long,2827.9,0.0546,154.40334000000001,0.02316,-0.02316
20/11/2025 - 20:59:17,BTC,Close Long,88639,0.00131,116.11708999999999,0.052252,2.486528
20/11/2025 - 22:47:29,ETH,Close Long,2892.9,0.0546,157.95234000000002,0.071078,3.477922
20/11/2025 - 23:35:47,ETH,Open Long,2889.6,0.012,34.6752,0.005201,-0.005201
20/11/2025 - 23:38:00,ETH,Open Long,2889.6,0.0129,37.27584,0.005591,-0.005591
20/11/2025 - 23:38:08,ETH,Open Long,2889.6,0.0385,111.2496,0.016687,-0.016687
21/11/2025 - 00:11:12,ETH,Close Long,2868.2853312303,0.0634,181.84929000000102,0.081831,-1.433181
21/11/2025 - 03:30:28,SOL,Open Long,133.13,1.09,145.1117,0.0653,-0.0653
21/11/2025 - 03:30:35,SOL,Close Long,133.04,1.09,145.0136,0.065256,-0.163356
21/11/2025 - 03:59:31,BNB,Close Long,858.97,0.165,141.73005,0.063778,-3.079978
23/11/2025 - 17:37:53,SOL,Open Long,132.81,0.55,73.0455,0.010956,-0.010956
23/11/2025 - 17:53:49,SOL,Open Long,132.81,0.13,17.2653,0.002589,-0.002589
23/11/2025 - 17:57:21,SOL,Open Long,132.81,0.96,127.49759999999999,0.019124,-0.019124
23/11/2025 - 18:01:13,SOL,Close Long,131.5,1.64,215.66,0.097047,-2.245447
23/11/2025 - 18:16:24,BNB,Open Long,847.56,0.021,17.79876,0.002669,-0.002669
23/11/2025 - 18:17:03,BNB,Open Long,847.56,0.236,200.02415999999997,0.030003,-0.030003
23/11/2025 - 21:22:14,BTC,Open Long,87786,0.00057,50.038019999999996,0.007505,-0.007505
23/11/2025 - 21:22:44,BTC,Open Long,87786,0.00129,113.24394,0.016986,-0.016986
23/11/2025 - 22:58:23,ETH,Open Long,2827.7,0.0391,110.56307,0.016584,-0.016584
23/11/2025 - 22:58:28,ETH,Open Long,2827.7,0.0042,11.876339999999999,0.001781,-0.001781
24/11/2025 - 00:10:13,ETH,Close Long,2800.8665127021,0.0433,121.27752000000092,0.054574,-1.216464
24/11/2025 - 00:18:30,BTC,Close Long,86994.8064516129,0.00186,161.81034,0.072814,-1.5444339999999999
24/11/2025 - 00:45:19,BTC,Open Long,86788,0.00184,159.68992,0.023953,-0.023953
24/11/2025 - 00:45:19,BTC,Open Long,86788,0.00066,57.28008,0.008592,-0.008592
24/11/2025 - 01:17:56,BNB,Close Long,839.69,0.257,215.80033000000003,0.09711,-2.1197
24/11/2025 - 02:57:33,BNB,Open Long,843.53,0.02,16.8706,0.00253,-0.00253
24/11/2025 - 02:58:10,BNB,Open Long,843.53,0.018,15.183539999999999,0.002277,-0.002277
24/11/2025 - 03:00:11,BNB,Open Long,843.53,0.046,38.80238,0.00582,-0.00582
24/11/2025 - 03:01:02,BNB,Open Long,843.53,0.108,91.10123999999999,0.013665,-0.013665
24/11/2025 - 03:17:09,BNB,Close Long,851.95,0.192,163.57440000000003,0.073608,1.5430320000000002
24/11/2025 - 04:40:31,BNB,Open Long,851.02,0.026,22.12652,0.003318,-0.003318
24/11/2025 - 04:41:39,BNB,Open Long,851.02,0.027,22.977539999999998,0.003446,-0.003446
24/11/2025 - 04:43:10,BNB,Open Long,851.02,0.019,16.16938,0.002425,-0.002425
24/11/2025 - 04:43:49,BNB,Open Long,851.02,0.031,26.381619999999998,0.003957,-0.003957
24/11/2025 - 04:43:54,BNB,Open Long,851.02,0.018,15.318359999999998,0.002297,-0.002297
24/11/2025 - 04:49:58,BNB,Open Long,851.02,0.024,20.42448,0.003063,-0.003063
24/11/2025 - 04:50:05,BNB,Open Long,851.02,0.006,5.10612,0.000765,-0.000765
24/11/2025 - 05:25:02,BNB,Close Long,841.69,0.151,127.09519,0.057192,-1.466022
24/11/2025 - 06:21:38,BNB,Open Long,859.47,0.185,159.00195,0.02385,-0.02385
24/11/2025 - 06:22:24,BNB,Open Long,859.47,0.018,15.47046,0.00232,-0.00232
24/11/2025 - 06:22:39,BNB,Open Long,859.47,0.05,42.9735,0.006446,-0.006446
24/11/2025 - 10:20:06,BNB,Close Long,849.8704347826,0.253,215.0172199999978,0.096757,-2.525447
24/11/2025 - 15:44:06,BTC,Close Long,85555.032,0.0025,213.88758,0.096247,-3.178667
25/11/2025 - 01:07:47,SOL,Open Long,138.46,0.29,40.1534,0.006023,-0.006023
25/11/2025 - 01:08:01,SOL,Open Long,138.46,0.3,41.538000000000004,0.00623,-0.00623
25/11/2025 - 01:08:06,SOL,Open Long,138.46,0.14,19.384400000000003,0.002907,-0.002907
25/11/2025 - 01:08:15,SOL,Open Long,138.46,0.14,19.384400000000003,0.002907,-0.002907
25/11/2025 - 01:08:39,SOL,Open Long,138.46,0.21,29.0766,0.004361,-0.004361
25/11/2025 - 01:14:24,BNB,Open Long,863.32,0.249,214.96668000000003,0.032245,-0.032245
25/11/2025 - 01:23:04,ETH,Open Long,2935.2,0.0681,199.88711999999998,0.029983,-0.029983
25/11/2025 - 09:03:13,ETH,Close Long,2899.2,0.0681,197.43551999999997,0.088845,-2.540445
25/11/2025 - 09:49:51,BTC,Open Long,87581,0.00228,199.68468,0.029952,-0.029952
25/11/2025 - 09:52:28,ETH,Open Long,2886.9,0.0039,11.25891,0.001688,-0.001688
25/11/2025 - 09:52:29,ETH,Open Long,2886.9,0.0624,180.14256,0.027021,-0.027021
25/11/2025 - 10:11:12,BNB,Close Long,849.79,0.249,211.59770999999998,0.095218,-3.464188
25/11/2025 - 10:13:15,BNB,Open Long,849.23,0.041,34.81843,0.005222,-0.005222
25/11/2025 - 10:13:25,BNB,Open Long,849.23,0.022,18.683059999999998,0.002802,-0.002802
25/11/2025 - 10:14:04,BNB,Open Long,849.23,0.019,16.135369999999998,0.00242,-0.00242
25/11/2025 - 10:15:19,BNB,Open Long,849.23,0.019,16.135369999999998,0.00242,-0.00242
25/11/2025 - 10:16:06,BNB,Open Long,849.23,0.119,101.05837,0.015158,-0.015158
25/11/2025 - 10:17:45,SOL,Close Long,134.98,1.08,145.7784,0.0656,-3.824
25/11/2025 - 10:37:52,SOL,Open Long,135.65,0.12,16.278,0.002441,-0.002441
25/11/2025 - 10:38:02,SOL,Open Long,135.65,0.23,31.199500000000004,0.004679,-0.004679
25/11/2025 - 10:38:44,SOL,Open Long,135.65,0.44,59.686,0.008952,-0.008952
25/11/2025 - 10:39:04,SOL,Open Long,135.65,0.24,32.556,0.004883,-0.004883
25/11/2025 - 10:40:19,SOL,Open Long,135.65,0.13,17.634500000000003,0.002645,-0.002645
25/11/2025 - 10:40:28,SOL,Open Long,135.65,0.12,16.278,0.002441,-0.002441
25/11/2025 - 10:41:16,SOL,Open Long,135.65,0.12,16.278,0.002441,-0.002441
25/11/2025 - 10:41:24,SOL,Open Long,135.65,0.07,9.495500000000002,0.001424,-0.001424
25/11/2025 - 10:57:30,BNB,Close Long,853.33,0.22,187.73260000000002,0.084479,0.817521
25/11/2025 - 11:45:26,BNB,Open Long,853.62,0.234,199.74708,0.029962,-0.029962
25/11/2025 - 12:47:35,BNB,Close Long,851.88,0.234,199.33992,0.089702,-0.496862
25/11/2025 - 12:58:46,BNB,Open Long,850.81,0.048,40.838879999999996,0.006125,-0.006125
25/11/2025 - 12:58:55,BNB,Open Long,850.81,0.187,159.10146999999998,0.023865,-0.023865
25/11/2025 - 15:48:19,BNB,Close Long,839.35,0.235,197.24725,0.088761,-2.7818609999999997
25/11/2025 - 15:50:10,SOL,Close Long,133.4,1.47,196.098,0.088244,-3.395744
25/11/2025 - 15:52:53,BNB,Open Long,839.98,0.02,16.7996,0.002519,-0.002519
25/11/2025 - 15:52:57,BNB,Open Long,839.98,0.23,193.1954,0.028979,-0.028979
25/11/2025 - 16:49:07,SOL,Open Long,135.56,1.47,199.2732,0.02989,-0.02989
25/11/2025 - 18:14:33,ETH,Close Long,2949.3520361991,0.0663,195.54204000000033,0.087992,4.0525780000000005
25/11/2025 - 18:36:08,BNB,Close Long,860.16,0.25,215.04,0.096768,4.948232
25/11/2025 - 19:08:19,ETH,Open Long,2944.6,0.064,188.4544,0.028268,-0.028268
25/11/2025 - 19:08:31,ETH,Open Long,2944.6,0.0039,11.483939999999999,0.001722,-0.001722
25/11/2025 - 19:52:37,BNB,Open Long,857.97,0.248,212.77656000000002,0.095749,-0.095749
25/11/2025 - 20:03:37,ETH,Close Long,2913.8,0.0679,197.84702000000001,0.089031,-2.180351
25/11/2025 - 20:49:33,ETH,Open Long,2906.4,0.0049,14.24136,0.002136,-0.002136
25/11/2025 - 20:49:35,ETH,Open Long,2906.4,0.0049,14.24136,0.002136,-0.002136
25/11/2025 - 20:49:38,ETH,Open Long,2906.4,0.0049,14.24136,0.002136,-0.002136
25/11/2025 - 23:37:39,ETH,Close Long,2947.2,0.0147,43.32384,0.019495,0.5802649999999999
25/11/2025 - 23:58:34,SOL,Close Long,139.56,1.47,205.1532,0.092318,5.787682
26/11/2025 - 00:07:40,ETH,Open Long,2969.3,0.0126,37.413180000000004,0.005611,-0.005611
26/11/2025 - 00:08:02,ETH,Open Long,2969.3,0.0061,18.112730000000003,0.002716,-0.002716
26/11/2025 - 00:22:25,ETH,Open Long,2969.3,0.0061,18.112730000000003,0.002716,-0.002716
26/11/2025 - 00:22:44,ETH,Open Long,2969.3,0.0051,15.143430000000002,0.002271,-0.002271
26/11/2025 - 00:23:02,ETH,Open Long,2969.3,0.005,14.8465,0.002226,-0.002226
26/11/2025 - 00:23:11,ETH,Open Long,2969.3,0.0255,75.71715,0.011357,-0.011357
26/11/2025 - 00:43:10,SOL,Open Long,139.74,0.11,15.371400000000001,0.002305,-0.002305
26/11/2025 - 00:44:12,SOL,Open Long,139.74,0.96,134.1504,0.020122,-0.020122
26/11/2025 - 04:54:22,ETH,Close Long,2931.398013245,0.0604,177.05643999999802,0.079674,-2.368954
26/11/2025 - 06:38:35,ETH,Open Long,2947.9,0.0063,18.57177,0.002785,-0.002785
26/11/2025 - 06:38:45,ETH,Open Long,2947.9,0.0054,15.918660000000001,0.002387,-0.002387
26/11/2025 - 06:40:19,ETH,Open Long,2947.9,0.0065,19.16135,0.002874,-0.002874
26/11/2025 - 06:42:06,ETH,Open Long,2947.9,0.0065,19.16135,0.002874,-0.002874
26/11/2025 - 06:43:58,ETH,Open Long,2947.9,0.0136,40.09144,0.006013,-0.006013
26/11/2025 - 06:44:05,ETH,Open Long,2947.9,0.008,23.5832,0.003537,-0.003537
26/11/2025 - 06:44:42,ETH,Open Long,2947.9,0.0045,13.26555,0.001989,-0.001989
26/11/2025 - 10:06:45,SOL,Close Long,137.4,1.07,147.018,0.066158,-2.569958
26/11/2025 - 10:10:14,SOL,Open Long,137.59,0.85,116.9515,0.017542,-0.017542
26/11/2025 - 10:17:03,SOL,Open Long,137.59,0.53,72.9227,0.010938,-0.010938
26/11/2025 - 10:17:06,SOL,Open Long,137.59,0.16,22.014400000000002,0.003302,-0.003302
26/11/2025 - 10:34:06,ETH,Open Long,2906.4,0.0472,137.18208,0.020577,-0.020577
26/11/2025 - 13:04:16,ETH,Close Long,2898.0848425197,0.0508,147.22271000000075,0.066248,-1.581366
26/11/2025 - 18:28:04,BNB,Close Long,885.28,0.248,219.54944,0.098797,6.6740829999999995
26/11/2025 - 18:45:23,ETH,Close Long,3019.9372881356,0.0472,142.54104000000032,0.064142,4.279546
26/11/2025 - 18:45:40,BTC,Close Long,89747,0.00228,204.62315999999998,0.09208,4.8464
26/11/2025 - 19:08:05,SOL,Close Long,141.9,1.54,218.526,0.098336,6.539064000000001
26/11/2025 - 19:28:12,SOL,Open Long,144.27,0.26,37.510200000000005,0.005626,-0.005626
26/11/2025 - 19:28:45,SOL,Open Long,144.27,1.24,178.8948,0.026834,-0.026834
26/11/2025 - 20:22:27,ETH,Open Long,3031,0.0066,20.0046,0.003,-0.003
26/11/2025 - 20:22:35,ETH,Open Long,3031,0.0065,19.7015,0.002955,-0.002955
26/11/2025 - 20:23:02,ETH,Open Long,3031,0.0586,177.6166,0.026642,-0.026642
26/11/2025 - 20:32:59,BTC,Open Long,90111,0.00221,199.14531000000002,0.029871,-0.029871
26/11/2025 - 22:19:09,BTC,Close Long,89961,0.00221,198.81381000000002,0.089466,-0.420966
26/11/2025 - 22:27:33,BTC,Open Long,87945,0.00227,199.63514999999998,0.029945,-0.029945
26/11/2025 - 22:38:30,BTC,Close Long,88635,0.00227,201.20145,0.09054,1.47576
26/11/2025 - 22:42:36,BTC,Open Long,87989,0.00227,199.73503,0.02996,-0.02996
27/11/2025 - 00:49:15,BTC,Close Long,89832,0.00091,81.74712,0.036786,1.640344
27/11/2025 - 10:52:46,SOL,Close Long,141.9523333333,1.5,212.92849999995002,0.095817,-3.572317
27/11/2025 - 10:57:56,SOL,Open Long,141.99,0.11,15.618900000000002,0.002342,-0.002342
27/11/2025 - 10:57:58,SOL,Open Long,141.99,1.42,201.6258,0.030243,-0.030243
27/11/2025 - 13:57:50,ETH,Close Long,2989.270292887,0.0717,214.3306799999979,0.096447,-3.088467
27/11/2025 - 14:03:47,ETH,Open Long,2997.2,0.0089,26.675079999999998,0.004001,-0.004001
27/11/2025 - 14:04:20,ETH,Open Long,2997.2,0.0114,34.168079999999996,0.005125,-0.005125
27/11/2025 - 14:04:42,ETH,Open Long,2997.2,0.0052,15.585439999999998,0.002337,-0.002337
27/11/2025 - 14:04:46,ETH,Open Long,2997.2,0.0467,139.96923999999999,0.020994,-0.020994
28/11/2025 - 02:14:09,SOL,Close Long,139.96,1.53,214.1388,0.096362,-3.202262
28/11/2025 - 09:51:31,ETH,Close Long,3053.1,0.0722,220.43382,0.099195,3.9367850000000004
29/11/2025 - 01:26:16,BNB,Open Long,885.33,0.225,199.19925,0.029879,-0.029879
29/11/2025 - 01:44:33,ETH,Open Long,3038,0.0139,42.228199999999994,0.006334,-0.006334
29/11/2025 - 01:47:11,ETH,Open Long,3038,0.0071,21.5698,0.003235,-0.003235
29/11/2025 - 01:48:02,ETH,Open Long,3038,0.0507,154.0266,0.023103,-0.023103
29/11/2025 - 01:52:05,SOL,Open Long,137.61,0.11,15.137100000000002,0.00227,-0.00227
29/11/2025 - 01:52:38,SOL,Open Long,137.61,0.13,17.889300000000002,0.002683,-0.002683
29/11/2025 - 02:19:58,SOL,Open Long,137.61,1.34,184.39740000000003,0.027659,-0.027659
29/11/2025 - 07:31:02,ETH,Close Long,3014.6,0.0717,216.14682,0.097266,-1.7750460000000001
29/11/2025 - 07:44:45,ETH,Open Long,3007.4,0.072,216.53279999999998,0.032479,-0.032479
29/11/2025 - 18:33:41,BNB,Close Long,874.58,0.225,196.78050000000002,0.088551,-2.507301
29/11/2025 - 18:34:35,ETH,Close Long,2979.1,0.072,214.49519999999998,0.096522,-2.1341219999999996
29/11/2025 - 18:37:55,ETH,Open Long,2984.8,0.0658,196.39984,0.029459,-0.029459
29/11/2025 - 18:52:57,BNB,Open Long,874.29,0.019,16.61151,0.002491,-0.002491
29/11/2025 - 18:54:24,BNB,Open Long,874.29,0.228,199.33812,0.0299,-0.0299
29/11/2025 - 19:13:20,ETH,Close Long,2963.4501519757,0.0658,194.99502000000106,0.087746,-1.492566
29/11/2025 - 19:26:42,SOL,Close Long,135.45,1.58,214.011,0.096304,-3.509104
29/11/2025 - 19:26:45,BNB,Close Long,869.85,0.247,214.85295,0.096683,-1.1933630000000002
29/11/2025 - 19:27:49,BNB,Open Long,869.9,0.197,171.37030000000001,0.025705,-0.025705
29/11/2025 - 19:32:41,SOL,Open Long,135.04,0.74,99.9296,0.014989,-0.014989
29/11/2025 - 19:32:49,SOL,Open Long,135.04,0.25,33.76,0.005064,-0.005064
30/11/2025 - 14:32:25,SOL,Close Long,139.04,0.99,137.6496,0.061942,3.898058
30/11/2025 - 14:40:32,BNB,Close Long,895.33,0.197,176.38001000000003,0.079371,4.930339
30/11/2025 - 14:43:01,ETH,Open Long,3047.2,0.0714,217.57008,0.097906,-0.097906
30/11/2025 - 14:57:32,SOL,Open Long,139.45,1.56,217.542,0.097893,-0.097893
30/11/2025 - 15:19:42,ETH,Close Long,3038.7,0.0714,216.96318,0.097633,-0.704533
30/11/2025 - 15:28:10,BNB,Open Long,894.3,0.242,216.42059999999998,0.032463,-0.032463
30/11/2025 - 15:35:25,ETH,Open Long,3036.1,0.0592,179.73712,0.02696,-0.02696
30/11/2025 - 21:21:00,SOL,Close Long,137.46,1.56,214.43760000000003,0.096496,-3.200896
30/11/2025 - 21:33:14,SOL,Open Long,137.25,0.2,27.450000000000003,0.004117,-0.004117
30/11/2025 - 21:33:19,SOL,Open Long,137.25,0.1,13.725000000000001,0.002058,-0.002058
30/11/2025 - 21:33:21,SOL,Open Long,137.25,0.2,27.450000000000003,0.004117,-0.004117
30/11/2025 - 21:33:21,SOL,Open Long,137.25,0.59,80.97749999999999,0.012146,-0.012146
01/12/2025 - 00:08:02,BNB,Close Long,884.57,0.242,214.06594,0.096329,-2.450989
01/12/2025 - 00:12:34,BNB,Open Long,884.58,0.03,26.5374,0.00398,-0.00398
01/12/2025 - 00:13:48,BNB,Open Long,884.58,0.022,19.46076,0.002919,-0.002919
01/12/2025 - 00:13:54,BNB,Open Long,884.58,0.048,42.45984,0.006368,-0.006368
01/12/2025 - 00:14:01,BNB,Open Long,884.58,0.019,16.80702,0.002521,-0.002521
01/12/2025 - 00:14:51,BNB,Open Long,884.58,0.02,17.6916,0.002653,-0.002653
01/12/2025 - 00:15:05,BNB,Open Long,884.58,0.064,56.61312,0.008491,-0.008491
01/12/2025 - 00:32:58,SOL,Close Long,135.4,1.09,147.586,0.066413,-2.082913
01/12/2025 - 00:37:08,ETH,Close Long,3000,0.0592,177.6,0.07992,-2.21704
01/12/2025 - 00:37:50,SOL,Open Long,135.26,1.58,213.7108,0.096169,-0.096169
01/12/2025 - 00:46:00,SOL,Close Long,135.2806329114,1.58,213.74340000001203,0.096184,-0.063584
01/12/2025 - 00:46:00,BTC,Close Long,90147,0.00136,122.59992000000001,0.055169,2.8797110000000004
01/12/2025 - 00:46:00,BNB,Close Long,880.96,0.203,178.83488000000003,0.080475,-0.8153349999999999
19/12/2025 - 20:36:42,ETH,Open Short,2954.8,0.252,744.6096,0.335074,-0.335074
19/12/2025 - 20:38:04,ETH,Open Short,2954.8,0.0053,15.660440000000001,0.002349,-0.002349
19/12/2025 - 20:38:13,ETH,Open Short,2954.8,0.0056,16.54688,0.002482,-0.002482
19/12/2025 - 20:38:31,ETH,Open Short,2954.8,0.1736,512.9532800000001,0.076942,-0.076942
19/12/2025 - 20:38:33,ETH,Close Short,2979.5,0.4365,1300.55175,0.585248,-11.366798
21/12/2025 - 03:35:26,BNB,Open Short,849.5,0.425,361.03749999999997,0.054154,-0.054154
21/12/2025 - 03:35:30,BNB,Open Short,849.5,0.752,638.824,0.095823,-0.095823
21/12/2025 - 06:34:00,ETH,Open Short,2976.1,0.0064,19.04704,0.002857,-0.002857
21/12/2025 - 06:34:05,ETH,Open Short,2976.1,0.0056,16.666159999999998,0.002499,-0.002499
21/12/2025 - 06:34:25,ETH,Open Short,2976.1,0.4852,1444.00372,0.216599,-0.216599
21/12/2025 - 08:49:54,ETH,Close Short,2981.3,0.4972,1482.30236,0.667036,-3.252476
21/12/2025 - 09:32:38,BNB,Close Short,852.81,1.177,1003.7573699999999,0.45169,-4.34756
15/01/2026 - 17:53:44,BNB,Open Long,940.75,0.854,803.4005,0.12051,-0.12051
15/01/2026 - 18:03:55,SOL,Open Long,143.98,0.22,31.6756,0.004751,-0.004751
15/01/2026 - 18:04:35,SOL,Open Long,143.98,0.36,51.83279999999999,0.007774,-0.007774
15/01/2026 - 18:05:09,BNB,Open Long,940.75,0.035,32.92625,0.004938,-0.004938
15/01/2026 - 18:06:18,BNB,Open Long,940.75,0.406,381.9445,0.057291,-0.057291
15/01/2026 - 18:06:18,BNB,Open Long,940.75,0.255,239.89125,0.035983,-0.035983
15/01/2026 - 18:06:38,SOL,Open Long,143.98,0.14,20.1572,0.003023,-0.003023
15/01/2026 - 18:07:51,SOL,Open Long,143.98,1.41,203.01179999999997,0.030451,-0.030451
15/01/2026 - 18:07:52,SOL,Open Long,143.98,7.97,1147.5205999999998,0.172128,-0.172128
15/01/2026 - 19:41:03,SOL,Close Long,142.11,10.1,1435.3110000000001,0.645889,-19.532889
15/01/2026 - 20:02:19,BNB,Close Long,928.3205677419,1.55,1438.8968799999452,0.647503,-19.913123
15/01/2026 - 21:47:47,BNB,Open Long,927.16,0.216,200.26656,0.030039,-0.030039
15/01/2026 - 21:47:52,BNB,Open Long,927.16,0.796,738.01936,0.110702,-0.110702
15/01/2026 - 21:47:54,BNB,Open Long,927.16,0.497,460.79852,0.069119,-0.069119
15/01/2026 - 22:03:19,BTC,Open Long,94610,0.00035,33.1135,0.004967,-0.004967
15/01/2026 - 22:04:24,BTC,Open Long,94610,0.00026,24.598599999999998,0.003689,-0.003689
15/01/2026 - 22:05:48,BTC,Open Long,94610,0.00016,15.1376,0.00227,-0.00227
15/01/2026 - 22:07:16,BTC,Open Long,94610,0.0002,18.922,0.002838,-0.002838
15/01/2026 - 22:08:41,BTC,Open Long,94610,0.00021,19.868100000000002,0.00298,-0.00298
15/01/2026 - 22:08:47,BTC,Open Long,94610,0.00019,17.9759,0.002696,-0.002696
15/01/2026 - 22:11:02,BTC,Open Long,94610,0.0002,18.922,0.002838,-0.002838
15/01/2026 - 22:12:47,BTC,Open Long,94610,0.00029,27.4369,0.004115,-0.004115
15/01/2026 - 22:13:02,BTC,Open Long,94610,0.00016,15.1376,0.00227,-0.00227
15/01/2026 - 22:13:08,BTC,Open Long,94610,0.00016,15.1376,0.00227,-0.00227
15/01/2026 - 22:19:58,BTC,Open Long,94610,0.0005,47.305,0.007095,-0.007095
15/01/2026 - 22:21:03,BTC,Open Long,94610,0.00046,43.5206,0.006528,-0.006528
15/01/2026 - 22:21:09,BTC,Open Long,94610,0.0002,18.922,0.002838,-0.002838
15/01/2026 - 22:21:26,BTC,Open Long,94610,0.0002,18.922,0.002838,-0.002838
15/01/2026 - 22:21:35,BTC,Open Long,94610,0.00028,26.490799999999997,0.003973,-0.003973
15/01/2026 - 22:22:27,BTC,Open Long,94610,0.00019,17.9759,0.002696,-0.002696
15/01/2026 - 22:23:09,BTC,Open Long,94610,0.0004,37.844,0.005676,-0.005676
15/01/2026 - 22:24:20,BTC,Open Long,94610,0.00046,43.5206,0.006528,-0.006528
15/01/2026 - 22:25:39,BTC,Open Long,94610,0.0004,37.844,0.005676,-0.005676
15/01/2026 - 22:25:50,BTC,Open Long,94610,0.00017,16.0837,0.002412,-0.002412
15/01/2026 - 22:25:57,BTC,Open Long,94610,0.00041,38.7901,0.005818,-0.005818
15/01/2026 - 22:26:52,BTC,Open Long,94610,0.00017,16.0837,0.002412,-0.002412
15/01/2026 - 22:27:59,BTC,Open Long,94610,0.0002,18.922,0.002838,-0.002838
15/01/2026 - 22:29:03,BTC,Open Long,94610,0.00016,15.1376,0.00227,-0.00227
15/01/2026 - 22:29:09,BTC,Open Long,94610,0.00016,15.1376,0.00227,-0.00227
15/01/2026 - 22:31:02,BTC,Open Long,94610,0.0002,18.922,0.002838,-0.002838
15/01/2026 - 22:33:56,BTC,Open Long,94610,0.00017,16.0837,0.002412,-0.002412
15/01/2026 - 22:36:12,BTC,Open Long,94610,0.0004,37.844,0.005676,-0.005676
15/01/2026 - 22:37:17,BTC,Open Long,94610,0.00033,31.2213,0.004683,-0.004683
15/01/2026 - 22:39:00,BTC,Open Long,94610,0.0002,18.922,0.002838,-0.002838
15/01/2026 - 22:39:07,BTC,Open Long,94610,0.00016,15.1376,0.00227,-0.00227
15/01/2026 - 22:40:41,BTC,Open Long,94610,0.0002,18.922,0.002838,-0.002838
15/01/2026 - 22:42:21,BTC,Open Long,94610,0.00038,35.9518,0.005392,-0.005392
15/01/2026 - 22:42:29,BTC,Open Long,94610,0.00018,17.0298,0.002554,-0.002554
15/01/2026 - 22:42:35,BTC,Open Long,94610,0.00027,25.5447,0.003831,-0.003831
15/01/2026 - 22:43:52,BTC,Open Long,94610,0.00019,17.9759,0.002696,-0.002696
15/01/2026 - 22:43:58,BTC,Open Long,94610,0.00016,15.1376,0.00227,-0.00227
15/01/2026 - 22:44:47,BTC,Open Long,94610,0.00019,17.9759,0.002696,-0.002696
15/01/2026 - 22:46:07,BTC,Open Long,94610,0.00017,16.0837,0.002412,-0.002412
15/01/2026 - 22:47:37,BTC,Open Long,94610,0.00019,17.9759,0.002696,-0.002696
15/01/2026 - 22:47:42,BTC,Open Long,94610,0.00019,17.9759,0.002696,-0.002696
15/01/2026 - 22:49:02,BTC,Open Long,94610,0.00018,17.0298,0.002554,-0.002554
15/01/2026 - 22:49:20,BTC,Open Long,94610,0.00447,422.9067,0.063436,-0.063436
15/01/2026 - 23:19:28,BTC,Close Long,95109,0.01477,1404.75993,0.632141,6.738089
16/01/2026 - 00:11:17,SOL,Open Long,142.6,0.03,4.278,0.000641,-0.000641
16/01/2026 - 00:13:42,SOL,Open Long,142.6,0.14,19.964000000000002,0.002994,-0.002994
16/01/2026 - 00:30:33,ETH,Open Long,3293.6,0.0752,247.67872,0.037151,-0.037151
16/01/2026 - 00:30:37,ETH,Open Long,3293.6,0.0744,245.04383999999996,0.036756,-0.036756
16/01/2026 - 00:30:52,ETH,Open Long,3293.6,0.2645,871.1572,0.130673,-0.130673
16/01/2026 - 01:01:11,SOL,Open Long,142.6,1.12,159.71200000000002,0.023956,-0.023956
16/01/2026 - 01:01:13,SOL,Open Long,142.6,0.48,68.448,0.010267,-0.010267
16/01/2026 - 01:10:00,SOL,Open Long,142.6,0.19,27.093999999999998,0.004064,-0.004064
16/01/2026 - 01:10:08,SOL,Open Long,142.6,1.38,196.78799999999998,0.029518,-0.029518
16/01/2026 - 01:10:10,SOL,Open Long,142.6,0.23,32.798,0.004919,-0.004919
16/01/2026 - 01:10:13,SOL,Open Long,142.6,0.61,86.98599999999999,0.013047,-0.013047
16/01/2026 - 02:06:39,SOL,Open Long,142.6,0.95,135.47,0.02032,-0.02032
16/01/2026 - 02:06:41,SOL,Open Long,142.6,2.3,327.97999999999996,0.049196,-0.049196
16/01/2026 - 02:06:43,SOL,Open Long,142.6,0.28,39.928000000000004,0.005989,-0.005989
16/01/2026 - 07:31:15,BNB,Close Long,934.6273889993,1.509,1410.3527299999437,0.634657,10.633633
16/01/2026 - 10:32:18,BNB,Open Long,936.81,0.021,19.67301,0.00295,-0.00295
16/01/2026 - 10:32:50,BNB,Open Long,936.81,0.018,16.862579999999998,0.002529,-0.002529
16/01/2026 - 10:33:59,BNB,Open Long,936.81,0.202,189.23562,0.028385,-0.028385
16/01/2026 - 10:33:59,BNB,Open Long,936.81,0.23,215.4663,0.032319,-0.032319
16/01/2026 - 10:34:03,BNB,Open Long,936.81,1.076,1008.00756,0.151201,-0.151201
16/01/2026 - 11:23:57,BNB,Close Long,935.05114415,1.547,1446.52412000005,0.650934,-3.371884
16/01/2026 - 12:17:19,BTC,Open Long,94930,0.00824,782.2232,0.117332,-0.117332
16/01/2026 - 12:17:23,BTC,Open Long,94930,0.00692,656.9156,0.098537,-0.098537
16/01/2026 - 12:22:47,BNB,Open Long,934.06,0.021,19.61526,0.002942,-0.002942
16/01/2026 - 14:11:36,BNB,Open Long,934.06,0.021,19.61526,0.002942,-0.002942
16/01/2026 - 14:11:45,BNB,Open Long,934.06,0.048,44.83488,0.006725,-0.006725
16/01/2026 - 14:32:32,BNB,Open Long,934.06,0.026,24.285559999999997,0.003642,-0.003642
16/01/2026 - 14:33:42,BNB,Open Long,934.06,0.024,22.41744,0.003362,-0.003362
16/01/2026 - 14:33:50,BNB,Open Long,934.06,0.019,17.747139999999998,0.002662,-0.002662
16/01/2026 - 14:34:05,BNB,Open Long,934.06,1.156,1079.77336,0.161966,-0.161966
16/01/2026 - 16:04:23,BTC,Close Long,94780.2770448549,0.01516,1436.8690000000001,0.64659,-2.91639
16/01/2026 - 16:41:33,ETH,Close Long,3222.2013523304,0.4141,1334.3135800000186,0.60044,-30.164237
16/01/2026 - 16:49:18,BNB,Close Long,924.7149961977,1.315,1216.0002199999753,0.547199,-12.835878999999998
16/01/2026 - 17:15:13,ETH,Open Long,3250.2,0.005,16.250999999999998,0.002437,-0.002437
16/01/2026 - 17:16:15,ETH,Open Long,3250.2,0.0078,25.351559999999996,0.003802,-0.003802
16/01/2026 - 17:16:40,ETH,Open Long,3250.2,0.0118,38.35236,0.005752,-0.005752
16/01/2026 - 17:16:42,ETH,Open Long,3250.2,0.0108,35.10216,0.005265,-0.005265
16/01/2026 - 17:18:39,ETH,Open Long,3250.2,0.0054,17.55108,0.002632,-0.002632
16/01/2026 - 17:19:41,ETH,Open Long,3250.2,0.0471,153.08442,0.022962,-0.022962
16/01/2026 - 17:19:53,ETH,Open Long,3250.2,0.004,13.0008,0.00195,-0.00195
16/01/2026 - 17:20:09,ETH,Open Long,3250.2,0.0119,38.67738,0.005801,-0.005801
16/01/2026 - 17:20:40,ETH,Open Long,3250.2,0.0036,11.700719999999999,0.001755,-0.001755
16/01/2026 - 17:20:42,ETH,Open Long,3250.2,0.245,796.299,0.119444,-0.119444
16/01/2026 - 17:20:47,ETH,Open Long,3250.2,0.0008,2.60016,0.00039,-0.00039
16/01/2026 - 18:12:27,ETH,Close Long,3246.600198188,0.3532,1146.6991900000016,0.516012,-1.787462